{
  "model_type": "svm",
  "accuracy": 0.9077404222048475,
  "cv_mean": 0.9166987085679088,
  "cv_std": 0.004528091436860023,
  "classification_report": {
    "acercarse": {
      "precision": 1.0,
      "recall": 1.0,
      "f1-score": 1.0,
      "support": 184.0
    },
    "alejarse": {
      "precision": 1.0,
      "recall": 1.0,
      "f1-score": 1.0,
      "support": 178.0
    },
    "girarD": {
      "precision": 0.888030888030888,
      "recall": 1.0,
      "f1-score": 0.9406952965235174,
      "support": 230.0
    },
    "girarI": {
      "precision": 1.0,
      "recall": 0.7967479674796748,
      "f1-score": 0.8868778280542986,
      "support": 123.0
    },
    "levantarse": {
      "precision": 0.9585798816568047,
      "recall": 0.6532258064516129,
      "f1-score": 0.7769784172661869,
      "support": 248.0
    },
    "sentarse": {
      "precision": 0.7902813299232737,
      "recall": 0.9778481012658228,
      "f1-score": 0.8741159830268742,
      "support": 316.0
    },
    "accuracy": 0.9077404222048475,
    "macro avg": {
      "precision": 0.9394820166018278,
      "recall": 0.9046369791995185,
      "f1-score": 0.9131112541451462,
      "support": 1279.0
    },
    "weighted avg": {
      "precision": 0.9200186201358455,
      "recall": 0.9077404222048475,
      "f1-score": 0.9041103902811526,
      "support": 1279.0
    }
  },
  "confusion_matrix": [
    [
      184,
      0,
      0,
      0,
      0,
      0
    ],
    [
      0,
      178,
      0,
      0,
      0,
      0
    ],
    [
      0,
      0,
      230,
      0,
      0,
      0
    ],
    [
      0,
      0,
      25,
      98,
      0,
      0
    ],
    [
      0,
      0,
      4,
      0,
      162,
      82
    ],
    [
      0,
      0,
      0,
      0,
      7,
      309
    ]
  ],
  "n_features": 281,
  "n_samples": 6393,
  "classes": [
    "acercarse",
    "alejarse",
    "girarD",
    "girarI",
    "levantarse",
    "sentarse"
  ],
  "created_at": "2025-06-05T18:17:59.509555"
}