{
  "model_type": "rf",
  "accuracy": 0.9974293059125964,
  "cv_mean": 0.996489615405531,
  "cv_std": 0.0007063778093914308,
  "classification_report": {
    "acercarse": {
      "precision": 0.9718875502008032,
      "recall": 0.9958847736625515,
      "f1-score": 0.983739837398374,
      "support": 243.0
    },
    "alejarse": {
      "precision": 1.0,
      "recall": 0.9703389830508474,
      "f1-score": 0.9849462365591398,
      "support": 236.0
    },
    "girarD": {
      "precision": 0.9936305732484076,
      "recall": 1.0,
      "f1-score": 0.9968051118210862,
      "support": 312.0
    },
    "girarI": {
      "precision": 1.0,
      "recall": 0.99,
      "f1-score": 0.9949748743718593,
      "support": 200.0
    },
    "levantarse": {
      "precision": 1.0,
      "recall": 0.9898305084745763,
      "f1-score": 0.9948892674616695,
      "support": 295.0
    },
    "parado": {
      "precision": 1.0,
      "recall": 1.0,
      "f1-score": 1.0,
      "support": 62.0
    },
    "push_up": {
      "precision": 0.9975786924939467,
      "recall": 1.0,
      "f1-score": 0.9987878787878788,
      "support": 1648.0
    },
    "russian_twist": {
      "precision": 1.0,
      "recall": 1.0,
      "f1-score": 1.0,
      "support": 1017.0
    },
    "sentarse": {
      "precision": 1.0,
      "recall": 1.0,
      "f1-score": 1.0,
      "support": 376.0
    },
    "squat": {
      "precision": 1.0,
      "recall": 1.0,
      "f1-score": 1.0,
      "support": 668.0
    },
    "accuracy": 0.9974293059125964,
    "macro avg": {
      "precision": 0.9963096815943157,
      "recall": 0.9946054265187975,
      "f1-score": 0.9954143206400008,
      "support": 5057.0
    },
    "weighted avg": {
      "precision": 0.9974670948748907,
      "recall": 0.9974293059125964,
      "f1-score": 0.9974271347087066,
      "support": 5057.0
    }
  },
  "confusion_matrix": [
    [
      242,
      0,
      0,
      0,
      0,
      0,
      1,
      0,
      0,
      0
    ],
    [
      7,
      229,
      0,
      0,
      0,
      0,
      0,
      0,
      0,
      0
    ],
    [
      0,
      0,
      312,
      0,
      0,
      0,
      0,
      0,
      0,
      0
    ],
    [
      0,
      0,
      2,
      198,
      0,
      0,
      0,
      0,
      0,
      0
    ],
    [
      0,
      0,
      0,
      0,
      292,
      0,
      3,
      0,
      0,
      0
    ],
    [
      0,
      0,
      0,
      0,
      0,
      62,
      0,
      0,
      0,
      0
    ],
    [
      0,
      0,
      0,
      0,
      0,
      0,
      1648,
      0,
      0,
      0
    ],
    [
      0,
      0,
      0,
      0,
      0,
      0,
      0,
      1017,
      0,
      0
    ],
    [
      0,
      0,
      0,
      0,
      0,
      0,
      0,
      0,
      376,
      0
    ],
    [
      0,
      0,
      0,
      0,
      0,
      0,
      0,
      0,
      0,
      668
    ]
  ],
  "n_features": 281,
  "n_samples": 25283,
  "classes": [
    "acercarse",
    "alejarse",
    "girarD",
    "girarI",
    "levantarse",
    "parado",
    "push_up",
    "russian_twist",
    "sentarse",
    "squat"
  ],
  "created_at": "2025-06-05T23:19:36.442455"
}