{
  "model_type": "rf",
  "accuracy": 0.9982160555004955,
  "cv_mean": 0.9964814685181569,
  "cv_std": 0.000672313823764407,
  "classification_report": {
    "acercarse": {
      "precision": 0.9758064516129032,
      "recall": 1.0,
      "f1-score": 0.9877551020408163,
      "support": 242.0
    },
    "alejarse": {
      "precision": 1.0,
      "recall": 0.9744680851063829,
      "f1-score": 0.9870689655172413,
      "support": 235.0
    },
    "barbell_biceps_curl": {
      "precision": 0.9990049751243781,
      "recall": 1.0,
      "f1-score": 0.9995022399203584,
      "support": 1004.0
    },
    "girarD": {
      "precision": 0.9936305732484076,
      "recall": 1.0,
      "f1-score": 0.9968051118210862,
      "support": 312.0
    },
    "girarI": {
      "precision": 1.0,
      "recall": 0.99,
      "f1-score": 0.9949748743718593,
      "support": 200.0
    },
    "levantarse": {
      "precision": 1.0,
      "recall": 1.0,
      "f1-score": 1.0,
      "support": 295.0
    },
    "parado": {
      "precision": 1.0,
      "recall": 1.0,
      "f1-score": 1.0,
      "support": 62.0
    },
    "push_up": {
      "precision": 1.0,
      "recall": 1.0,
      "f1-score": 1.0,
      "support": 1650.0
    },
    "sentarse": {
      "precision": 1.0,
      "recall": 0.9973404255319149,
      "f1-score": 0.9986684420772304,
      "support": 376.0
    },
    "squat": {
      "precision": 1.0,
      "recall": 1.0,
      "f1-score": 1.0,
      "support": 669.0
    },
    "accuracy": 0.9982160555004955,
    "macro avg": {
      "precision": 0.9968441999985689,
      "recall": 0.9961808510638299,
      "f1-score": 0.9964774735748593,
      "support": 5045.0
    },
    "weighted avg": {
      "precision": 0.9982475510740735,
      "recall": 0.9982160555004955,
      "f1-score": 0.9982152020721622,
      "support": 5045.0
    }
  },
  "confusion_matrix": [
    [
      242,
      0,
      0,
      0,
      0,
      0,
      0,
      0,
      0,
      0
    ],
    [
      6,
      229,
      0,
      0,
      0,
      0,
      0,
      0,
      0,
      0
    ],
    [
      0,
      0,
      1004,
      0,
      0,
      0,
      0,
      0,
      0,
      0
    ],
    [
      0,
      0,
      0,
      312,
      0,
      0,
      0,
      0,
      0,
      0
    ],
    [
      0,
      0,
      0,
      2,
      198,
      0,
      0,
      0,
      0,
      0
    ],
    [
      0,
      0,
      0,
      0,
      0,
      295,
      0,
      0,
      0,
      0
    ],
    [
      0,
      0,
      0,
      0,
      0,
      0,
      62,
      0,
      0,
      0
    ],
    [
      0,
      0,
      0,
      0,
      0,
      0,
      0,
      1650,
      0,
      0
    ],
    [
      0,
      0,
      1,
      0,
      0,
      0,
      0,
      0,
      375,
      0
    ],
    [
      0,
      0,
      0,
      0,
      0,
      0,
      0,
      0,
      0,
      669
    ]
  ],
  "n_features": 281,
  "n_samples": 25224,
  "classes": [
    "acercarse",
    "alejarse",
    "barbell_biceps_curl",
    "girarD",
    "girarI",
    "levantarse",
    "parado",
    "push_up",
    "sentarse",
    "squat"
  ],
  "created_at": "2025-06-05T22:40:45.708391"
}