{
  "model_type": "rf",
  "accuracy": 0.9996376811594203,
  "cv_mean": 0.9999094202898551,
  "cv_std": 0.00018115942028984477,
  "classification_report": {
    "acercarse": {
      "precision": 0.9975550122249389,
      "recall": 1.0,
      "f1-score": 0.9987760097919217,
      "support": 408.0
    },
    "alejarse": {
      "precision": 1.0,
      "recall": 0.9973262032085561,
      "f1-score": 0.998661311914324,
      "support": 374.0
    },
    "girarD": {
      "precision": 1.0,
      "recall": 1.0,
      "f1-score": 1.0,
      "support": 530.0
    },
    "girarI": {
      "precision": 1.0,
      "recall": 1.0,
      "f1-score": 1.0,
      "support": 320.0
    },
    "levantarse": {
      "precision": 1.0,
      "recall": 1.0,
      "f1-score": 1.0,
      "support": 499.0
    },
    "sentarse": {
      "precision": 1.0,
      "recall": 1.0,
      "f1-score": 1.0,
      "support": 629.0
    },
    "accuracy": 0.9996376811594203,
    "macro avg": {
      "precision": 0.99959250203749,
      "recall": 0.999554367201426,
      "f1-score": 0.9995728869510409,
      "support": 2760.0
    },
    "weighted avg": {
      "precision": 0.9996385670245562,
      "recall": 0.9996376811594203,
      "f1-score": 0.9996376603808192,
      "support": 2760.0
    }
  },
  "confusion_matrix": [
    [
      408,
      0,
      0,
      0,
      0,
      0
    ],
    [
      1,
      373,
      0,
      0,
      0,
      0
    ],
    [
      0,
      0,
      530,
      0,
      0,
      0
    ],
    [
      0,
      0,
      0,
      320,
      0,
      0
    ],
    [
      0,
      0,
      0,
      0,
      499,
      0
    ],
    [
      0,
      0,
      0,
      0,
      0,
      629
    ]
  ],
  "n_features": 281,
  "n_samples": 13796,
  "classes": [
    "acercarse",
    "alejarse",
    "girarD",
    "girarI",
    "levantarse",
    "sentarse"
  ],
  "created_at": "2025-06-05T20:25:47.788596"
}