{
  "model_type": "svm",
  "accuracy": 0.9365942028985508,
  "cv_mean": 0.935121246298011,
  "cv_std": 0.003967347005968116,
  "classification_report": {
    "acercarse": {
      "precision": 0.9975490196078431,
      "recall": 0.9975490196078431,
      "f1-score": 0.9975490196078431,
      "support": 408.0
    },
    "alejarse": {
      "precision": 1.0,
      "recall": 0.9946524064171123,
      "f1-score": 0.9973190348525469,
      "support": 374.0
    },
    "girarD": {
      "precision": 0.9618874773139746,
      "recall": 1.0,
      "f1-score": 0.9805735430157262,
      "support": 530.0
    },
    "girarI": {
      "precision": 1.0,
      "recall": 0.934375,
      "f1-score": 0.9660743134087237,
      "support": 320.0
    },
    "levantarse": {
      "precision": 0.9942857142857143,
      "recall": 0.6973947895791583,
      "f1-score": 0.8197879858657244,
      "support": 499.0
    },
    "sentarse": {
      "precision": 0.8064102564102564,
      "recall": 1.0,
      "f1-score": 0.8928317955997161,
      "support": 629.0
    },
    "accuracy": 0.9365942028985508,
    "macro avg": {
      "precision": 0.9600220779362981,
      "recall": 0.937328535934019,
      "f1-score": 0.9423559487250467,
      "support": 2760.0
    },
    "weighted avg": {
      "precision": 0.9471670237996483,
      "recall": 0.9365942028985508,
      "f1-score": 0.9346052469214481,
      "support": 2760.0
    }
  },
  "confusion_matrix": [
    [
      407,
      0,
      0,
      0,
      1,
      0
    ],
    [
      1,
      372,
      0,
      0,
      1,
      0
    ],
    [
      0,
      0,
      530,
      0,
      0,
      0
    ],
    [
      0,
      0,
      21,
      299,
      0,
      0
    ],
    [
      0,
      0,
      0,
      0,
      348,
      151
    ],
    [
      0,
      0,
      0,
      0,
      0,
      629
    ]
  ],
  "n_features": 281,
  "n_samples": 13796,
  "classes": [
    "acercarse",
    "alejarse",
    "girarD",
    "girarI",
    "levantarse",
    "sentarse"
  ],
  "created_at": "2025-06-05T20:24:49.872144"
}