{
  "model_type": "svm",
  "accuracy": 0.9797819623389494,
  "cv_mean": 0.9722484013150542,
  "cv_std": 0.0019568865294046613,
  "classification_report": {
    "acercarse": {
      "precision": 1.0,
      "recall": 1.0,
      "f1-score": 1.0,
      "support": 242.0
    },
    "alejarse": {
      "precision": 1.0,
      "recall": 1.0,
      "f1-score": 1.0,
      "support": 235.0
    },
    "barbell_biceps_curl": {
      "precision": 1.0,
      "recall": 1.0,
      "f1-score": 1.0,
      "support": 1004.0
    },
    "girarD": {
      "precision": 0.9174041297935103,
      "recall": 0.9967948717948718,
      "f1-score": 0.9554531490015361,
      "support": 312.0
    },
    "girarI": {
      "precision": 1.0,
      "recall": 0.87,
      "f1-score": 0.93048128342246,
      "support": 200.0
    },
    "levantarse": {
      "precision": 0.9910313901345291,
      "recall": 0.7491525423728813,
      "f1-score": 0.8532818532818532,
      "support": 295.0
    },
    "parado": {
      "precision": 1.0,
      "recall": 1.0,
      "f1-score": 1.0,
      "support": 62.0
    },
    "push_up": {
      "precision": 1.0,
      "recall": 1.0,
      "f1-score": 1.0,
      "support": 1650.0
    },
    "sentarse": {
      "precision": 0.8389261744966443,
      "recall": 0.9973404255319149,
      "f1-score": 0.9113001215066828,
      "support": 376.0
    },
    "squat": {
      "precision": 1.0,
      "recall": 1.0,
      "f1-score": 1.0,
      "support": 669.0
    },
    "accuracy": 0.9797819623389494,
    "macro avg": {
      "precision": 0.9747361694424683,
      "recall": 0.9613287839699668,
      "f1-score": 0.9650516407212532,
      "support": 5045.0
    },
    "weighted avg": {
      "precision": 0.982362852367889,
      "recall": 0.9797819623389494,
      "f1-score": 0.9792992332165769,
      "support": 5045.0
    }
  },
  "confusion_matrix": [
    [
      242,
      0,
      0,
      0,
      0,
      0,
      0,
      0,
      0,
      0
    ],
    [
      0,
      235,
      0,
      0,
      0,
      0,
      0,
      0,
      0,
      0
    ],
    [
      0,
      0,
      1004,
      0,
      0,
      0,
      0,
      0,
      0,
      0
    ],
    [
      0,
      0,
      0,
      311,
      0,
      1,
      0,
      0,
      0,
      0
    ],
    [
      0,
      0,
      0,
      26,
      174,
      0,
      0,
      0,
      0,
      0
    ],
    [
      0,
      0,
      0,
      2,
      0,
      221,
      0,
      0,
      72,
      0
    ],
    [
      0,
      0,
      0,
      0,
      0,
      0,
      62,
      0,
      0,
      0
    ],
    [
      0,
      0,
      0,
      0,
      0,
      0,
      0,
      1650,
      0,
      0
    ],
    [
      0,
      0,
      0,
      0,
      0,
      1,
      0,
      0,
      375,
      0
    ],
    [
      0,
      0,
      0,
      0,
      0,
      0,
      0,
      0,
      0,
      669
    ]
  ],
  "n_features": 281,
  "n_samples": 25224,
  "classes": [
    "acercarse",
    "alejarse",
    "barbell_biceps_curl",
    "girarD",
    "girarI",
    "levantarse",
    "parado",
    "push_up",
    "sentarse",
    "squat"
  ],
  "created_at": "2025-06-05T22:39:16.498528"
}