{
  "model_type": "svm",
  "accuracy": 0.9772592446114297,
  "cv_mean": 0.9741419778847336,
  "cv_std": 0.0027305251202147823,
  "classification_report": {
    "acercarse": {
      "precision": 0.9878048780487805,
      "recall": 1.0,
      "f1-score": 0.9938650306748467,
      "support": 243.0
    },
    "alejarse": {
      "precision": 1.0,
      "recall": 0.9872881355932204,
      "f1-score": 0.9936034115138592,
      "support": 236.0
    },
    "girarD": {
      "precision": 0.9176470588235294,
      "recall": 1.0,
      "f1-score": 0.9570552147239264,
      "support": 312.0
    },
    "girarI": {
      "precision": 1.0,
      "recall": 0.87,
      "f1-score": 0.93048128342246,
      "support": 200.0
    },
    "levantarse": {
      "precision": 0.9563318777292577,
      "recall": 0.7423728813559322,
      "f1-score": 0.8358778625954199,
      "support": 295.0
    },
    "parado": {
      "precision": 1.0,
      "recall": 1.0,
      "f1-score": 1.0,
      "support": 62.0
    },
    "push_up": {
      "precision": 1.0,
      "recall": 1.0,
      "f1-score": 1.0,
      "support": 1648.0
    },
    "russian_twist": {
      "precision": 1.0,
      "recall": 1.0,
      "f1-score": 1.0,
      "support": 1017.0
    },
    "sentarse": {
      "precision": 0.8318181818181818,
      "recall": 0.973404255319149,
      "f1-score": 0.8970588235294118,
      "support": 376.0
    },
    "squat": {
      "precision": 1.0,
      "recall": 1.0,
      "f1-score": 1.0,
      "support": 668.0
    },
    "accuracy": 0.9772592446114297,
    "macro avg": {
      "precision": 0.969360199641975,
      "recall": 0.9573065272268302,
      "f1-score": 0.9607941626459924,
      "support": 5057.0
    },
    "weighted avg": {
      "precision": 0.9792809982227728,
      "recall": 0.9772592446114297,
      "f1-score": 0.9767797465616616,
      "support": 5057.0
    }
  },
  "confusion_matrix": [
    [
      243,
      0,
      0,
      0,
      0,
      0,
      0,
      0,
      0,
      0
    ],
    [
      3,
      233,
      0,
      0,
      0,
      0,
      0,
      0,
      0,
      0
    ],
    [
      0,
      0,
      312,
      0,
      0,
      0,
      0,
      0,
      0,
      0
    ],
    [
      0,
      0,
      26,
      174,
      0,
      0,
      0,
      0,
      0,
      0
    ],
    [
      0,
      0,
      2,
      0,
      219,
      0,
      0,
      0,
      74,
      0
    ],
    [
      0,
      0,
      0,
      0,
      0,
      62,
      0,
      0,
      0,
      0
    ],
    [
      0,
      0,
      0,
      0,
      0,
      0,
      1648,
      0,
      0,
      0
    ],
    [
      0,
      0,
      0,
      0,
      0,
      0,
      0,
      1017,
      0,
      0
    ],
    [
      0,
      0,
      0,
      0,
      10,
      0,
      0,
      0,
      366,
      0
    ],
    [
      0,
      0,
      0,
      0,
      0,
      0,
      0,
      0,
      0,
      668
    ]
  ],
  "n_features": 281,
  "n_samples": 25283,
  "classes": [
    "acercarse",
    "alejarse",
    "girarD",
    "girarI",
    "levantarse",
    "parado",
    "push_up",
    "russian_twist",
    "sentarse",
    "squat"
  ],
  "created_at": "2025-06-05T23:18:10.332878"
}