{
  "model_type": "svm",
  "category": "basic",
  "accuracy": 0.9327146171693735,
  "cv_mean": 0.9274836838288616,
  "cv_std": 0.004422900850464664,
  "cv_scores": [
    0.9245830311820159,
    0.9274836838288615,
    0.920957215373459,
    0.9332849891225525,
    0.9311094996374184
  ],
  "classification_report": {
    "acercarse": {
      "precision": 0.9917695473251029,
      "recall": 0.9958677685950413,
      "f1-score": 0.9938144329896907,
      "support": 242.0
    },
    "alejarse": {
      "precision": 0.9957627118644068,
      "recall": 0.9957627118644068,
      "f1-score": 0.9957627118644068,
      "support": 236.0
    },
    "girarD": {
      "precision": 0.9096209912536443,
      "recall": 0.9968051118210862,
      "f1-score": 0.9512195121951219,
      "support": 313.0
    },
    "girarI": {
      "precision": 1.0,
      "recall": 0.845,
      "f1-score": 0.9159891598915989,
      "support": 200.0
    },
    "levantarse": {
      "precision": 0.9819004524886877,
      "recall": 0.735593220338983,
      "f1-score": 0.8410852713178295,
      "support": 295.0
    },
    "parado": {
      "precision": 1.0,
      "recall": 0.967741935483871,
      "f1-score": 0.9836065573770492,
      "support": 62.0
    },
    "sentarse": {
      "precision": 0.827433628318584,
      "recall": 0.9946808510638298,
      "f1-score": 0.9033816425120773,
      "support": 376.0
    },
    "accuracy": 0.9327146171693735,
    "macro avg": {
      "precision": 0.9580696187500608,
      "recall": 0.9330645141667455,
      "f1-score": 0.9406941840211106,
      "support": 1724.0
    },
    "weighted avg": {
      "precision": 0.9411225513033736,
      "recall": 0.9327146171693735,
      "f1-score": 0.9310950645357168,
      "support": 1724.0
    }
  },
  "confusion_matrix": [
    [
      241,
      1,
      0,
      0,
      0,
      0,
      0
    ],
    [
      1,
      235,
      0,
      0,
      0,
      0,
      0
    ],
    [
      0,
      0,
      312,
      0,
      1,
      0,
      0
    ],
    [
      0,
      0,
      31,
      169,
      0,
      0,
      0
    ],
    [
      0,
      0,
      0,
      0,
      217,
      0,
      78
    ],
    [
      1,
      0,
      0,
      0,
      1,
      60,
      0
    ],
    [
      0,
      0,
      0,
      0,
      2,
      0,
      374
    ]
  ],
  "classes": [
    "acercarse",
    "alejarse",
    "girarD",
    "girarI",
    "levantarse",
    "parado",
    "sentarse"
  ],
  "n_samples": 8619,
  "n_features": 281,
  "created_at": "2025-06-06T00:02:42.164858"
}