{
  "model_type": "xgb",
  "accuracy": 0.9992090172038758,
  "cv_mean": 0.9994561431058282,
  "cv_std": 9.889974718094887e-05,
  "classification_report": {
    "acercarse": {
      "precision": 1.0,
      "recall": 0.9917695473251029,
      "f1-score": 0.9958677685950413,
      "support": 243.0
    },
    "alejarse": {
      "precision": 1.0,
      "recall": 1.0,
      "f1-score": 1.0,
      "support": 236.0
    },
    "girarD": {
      "precision": 1.0,
      "recall": 1.0,
      "f1-score": 1.0,
      "support": 312.0
    },
    "girarI": {
      "precision": 1.0,
      "recall": 1.0,
      "f1-score": 1.0,
      "support": 200.0
    },
    "levantarse": {
      "precision": 0.9965986394557823,
      "recall": 0.9932203389830508,
      "f1-score": 0.9949066213921901,
      "support": 295.0
    },
    "parado": {
      "precision": 1.0,
      "recall": 1.0,
      "f1-score": 1.0,
      "support": 62.0
    },
    "push_up": {
      "precision": 0.9987878787878788,
      "recall": 1.0,
      "f1-score": 0.9993935718617344,
      "support": 1648.0
    },
    "russian_twist": {
      "precision": 0.9990176817288802,
      "recall": 1.0,
      "f1-score": 0.9995085995085995,
      "support": 1017.0
    },
    "sentarse": {
      "precision": 1.0,
      "recall": 1.0,
      "f1-score": 1.0,
      "support": 376.0
    },
    "squat": {
      "precision": 1.0,
      "recall": 1.0,
      "f1-score": 1.0,
      "support": 668.0
    },
    "accuracy": 0.9992090172038758,
    "macro avg": {
      "precision": 0.9994404199972541,
      "recall": 0.9984989886308154,
      "f1-score": 0.9989676561357566,
      "support": 5057.0
    },
    "weighted avg": {
      "precision": 0.9992090182321832,
      "recall": 0.9992090172038758,
      "f1-score": 0.9992078649807544,
      "support": 5057.0
    }
  },
  "confusion_matrix": [
    [
      241,
      0,
      0,
      0,
      1,
      0,
      0,
      1,
      0,
      0
    ],
    [
      0,
      236,
      0,
      0,
      0,
      0,
      0,
      0,
      0,
      0
    ],
    [
      0,
      0,
      312,
      0,
      0,
      0,
      0,
      0,
      0,
      0
    ],
    [
      0,
      0,
      0,
      200,
      0,
      0,
      0,
      0,
      0,
      0
    ],
    [
      0,
      0,
      0,
      0,
      293,
      0,
      2,
      0,
      0,
      0
    ],
    [
      0,
      0,
      0,
      0,
      0,
      62,
      0,
      0,
      0,
      0
    ],
    [
      0,
      0,
      0,
      0,
      0,
      0,
      1648,
      0,
      0,
      0
    ],
    [
      0,
      0,
      0,
      0,
      0,
      0,
      0,
      1017,
      0,
      0
    ],
    [
      0,
      0,
      0,
      0,
      0,
      0,
      0,
      0,
      376,
      0
    ],
    [
      0,
      0,
      0,
      0,
      0,
      0,
      0,
      0,
      0,
      668
    ]
  ],
  "n_features": 281,
  "n_samples": 25283,
  "classes": [
    "acercarse",
    "alejarse",
    "girarD",
    "girarI",
    "levantarse",
    "parado",
    "push_up",
    "russian_twist",
    "sentarse",
    "squat"
  ],
  "created_at": "2025-06-05T23:21:00.872479"
}